* MASSES, WIDTHS, QUANTUM NUMBERS (IGJPC) AND MC ID NUMBERS FROM 2004 EDITION OF RPP
* This file contains computer readable particle properties data for use in Monte-Carlo programs and
* phenomenological analyses. Only particle states are included in this list. Antiparticle states have
* the opposite charge, negative particle ID number, a quark content with each quark changed to its antiquark,
* and antiparticle name formed from the name shown below according to rules controlled by the values of the
* flag A (see description of the position 80 below).  
*
* This list contains all states listed in the Review of
* Particle Properties (RPP), including unconfirmed or not well established
* states. The status S in column 97 can be used to select well established states.
*
* For questions regarding distribution or content of this file, contact
* the Particle Data Group at pdg@lbl.gov, or kirill@ontil.ihep.su
*
* To process this file, use instructions A or B.
* A1. read table into any spreadsheet or database program that accepts a comma-separated format
* A2. For example, in EXCEL, open a blank workbook and import this file as external data,
*     comma-delimited, starting the import at row 100, which contains column header names.
* B1. In a FORTRAN program, ignore documentation lines that begin with "*" and process data lines using
*     FORMAT (BN, 2(E11.0, 1X, 2(E9.0, 1X)), A3, 1X, A1, 1X, A4, 1X, 3(A1, 1X), A7, 1X, A4, 1X, 2(A1, 1X), A18, 1X, A)
* B2. WARNING. MINUS VALUE OF ERROR means its absence!
* B3. columns     contents                       Fortran I/O 
*       1 - 11   Mass value                     (E11.0)
*                Mass ranges for f(0)(600), f(0)(1370), and omega(1420) have been converted to central
*                values and errors.
*           12   comma                          (1X)
*      13 - 21   mass positive error            (E9.0)
*           22   comma                          (1X)
*      23 - 31   mass negative error            (E9.0)
*           32   blank                          (1X)
*      33 - 43   Width value                    (E11.0)
*                Width ranges for f(0)(600), f(0)(1370), and omega(1420) have been converted to central
*                values and errors.
*           44   comma                          (1X)
*      45 - 53   width positive error           (E9.0)
*           54   comma                          (1X)
*      55 - 63   width negative error           (E9.0)
*           64   comma                          (1X)
*      65 - 67   I isospin                      (A3)
*           68   comma                          (1X)
*           69   G parity                       (A1)
*           70   comma                          (1X)
*      71 - 74   J total spin                   (A4)
*           75   comma                          (1X)
*           76   P space parity                 (A1)
*           77   comma                          (1X)
*           78   C charge conjugation parity    (A1)
*           79   comma                          (1X)
*           80   A: antiparticle=|=particle flag(A1) 
*                A = B     - particle that has anti-particle partner different from particle 
*                            with ascii name formed by concatenation of the name shown below with charge 
*                            ( e- <--> e+, pi+ <--> pi-, K+ <--> K-, W+ <--> W- ).
*                A = F     - particle that has anti-particle partner different from particle 
*                            with ascii name formed by concatenation of the name shown below with string "bar" and charge     
*                            by the rule (nu(e) <--> nubar(e), p <--> pbar, Delta++ <--> Deltabar--)
*                A = blank - particle that coincide with its antiparticle (gamma, pi0, eta).
*           81   comma                          (1X) 
*      82 - 88   PDG particle ID number         (A7)
*                The number used in the PDG Monte Carlo numbering scheme (see RPP).
*                Only particles are shown in this table and they are given positive ID numbers.
*                For antiparticles, change the ID to negative. Thus pi- has code -211.
*                The ID has up to 7 digits. See RPP "Monte Carlo particle numbering scheme"
*                for details.
*           89   comma                          (1X)
*      90 - 93   charge                         (A4)
*           94   comma                          (1X)
*           95   R - Rank                       (A1)
*                Number of baryon stars - used only on baryons.
*                4 - **** Existence is certain, and properties are at least fairly well explored.
*                3 - ***  Existence ranges from very likely to certain, but further confirmation
*                         is desirable and/or quantum numbers, branching fractions, etc. are not
*                         well determined.
*                2 - **   Evidence of existance is only fair.
*                1 - *    Evidence of existance is poor.
*           96   comma                          (1X)
*           97   particle status (Omit Type)    (A1)
*                R - Established particles in RPP Summary Table in Particle Physics Booklet (established 
*                    quarks, gauge bosons, leptons, mesons and baryons, except those in D below) 
*                D - The particle is omitted from the Summary Tables in Particle Physics
*                    Booklet, but not from the Review. These entries are omitted only to save
*                    space even though they are well established.
*                S - The particle is omitted from the particle properties Summary Tables
*                    because it is not well established.
*                F - Special case: "Further mesons", see RPP 2004, these states are in the RPP
*                    database but are poorly established or observed by a single group and thus
*                    need confirmation. If used, these should be referred to the original publication.
*		     For these states we list a single line without charge and with C-parity, if known,
*		     and quark content of the neutral member, or ?? if not known.
*
*           98   comma                          (1X)
*      99 -115   particle name                  (A17)
*          116   comma                          (1X)
*     117 -132   Quark contents                 (A)
*                Note: capital letters represents anti-quarks, "qQ" stands for light quark, light 
*                anti-quark pair with unknown wave functions.
*                x, y - wave function coefficients, see RPP 2004 'Quark Model' Review
*                p, q - CP violation parameters, See. RPP "CP violation in KL Decays" review.
*  
*
*MASS(MeV) ,Err+(MeV),Err-(MeV),WIDTH(MeV) ,Err+(MeV),Err-(MeV),I  ,G,J   ,P,C,A, PDG-MC,Chrg,R,S,Name             ,Quarks
0          ,0.       ,0.       ,0.         ,0.       ,0.       ,<2 , ,1   ,-,-, ,     22,   0, ,R,gamma            ,                    
80425      ,38.      ,38.      ,2124.      ,41.      ,41.      ,   , ,1   , , ,B,     24,  +1, ,R,W                ,                    
91187.6    ,2.1      ,2.1      ,2495.2     ,2.3      ,2.3      ,   , ,1   , , , ,     23,   0, ,R,Z                ,                    
0.51099892 ,4.0E-8   ,4.0E-8   ,0.         ,0.       ,0.       ,   , ,1/2 , , ,B,     11,  -1, ,R,e                ,                    
105.658369 ,9.E-6    ,9.E-6    ,2.99591E-1 ,5.E-21   ,5.E-21   ,   , ,1/2 , , ,B,     13,  -1, ,R,mu               ,                    
1776.99    ,0.29     ,0.26     ,2.265E-9   ,9.E-12   ,9.E-12   ,   , ,1/2 , , ,B,     15,  -1, ,R,tau              ,                    
0          ,0.       ,0.       ,0.         ,0.       ,0.       ,   , ,1/2 , , ,F,     12,   0, ,R,nu(e)            ,                    
0          ,0.       ,0.       ,0.         ,0.       ,0.       ,   , ,1/2 , , ,F,     14,   0, ,R,nu(mu)           ,                    
0          ,0.       ,0.       ,0.         ,0.       ,0.       ,   , ,1/2 , , ,F,     16,   0, ,R,nu(tau)          ,                    
2.75       ,1.25     ,1.25     ,-1         ,-1       ,-1       ,1/2, ,1/2 ,+, ,F,      2,+2/3, ,R,u                ,u                   
6          ,2.       ,2.       ,-1         ,-1       ,-1       ,1/2, ,1/2 ,+, ,F,      1,-1/3, ,R,d                ,d                   
105        ,25.      ,25.      ,-1         ,-1       ,-1       ,0  , ,1/2 ,+, ,F,      3,-1/3, ,R,s                ,s                   
1250       ,100.     ,100.     ,-1         ,-1       ,-1       ,0  , ,1/2 ,+, ,F,      4,+2/3, ,R,c                ,c                   
4750       ,150.     ,150.     ,-1         ,-1       ,-1       ,0  , ,1/2 ,+, ,F,      5,-1/3, ,R,b                ,b                   
174300     ,5100.    ,5100.    ,-1         ,-1       ,-1       ,0  , ,1/2 ,+, ,F,      6,+2/3, ,R,t                ,t                   
139.57018  ,.00035   ,.00035   ,2.5284E-15 ,5.E-18   ,5.E-18   ,1  ,-,0   ,-, ,B,    211,  +1, ,R,pi               ,uD                  
134.9766   ,.0006    ,.0006    ,7.8E-6     ,6.E-7    ,5.E-7    ,1  ,-,0   ,-,+, ,    111,   0, ,R,pi               ,(uU-dD)/sqrt(2)     
547.75     ,.12      ,.12      ,0.00129    ,0.7E-4   ,0.7E-4   ,0  ,+,0   ,-,+, ,    221,   0, ,R,eta              ,x(uU+dD)+y(sS)      
800        ,400.     ,400.     ,800.       ,200.     ,200.     ,0  ,+,0   ,+,+, ,9000221,   0, ,R,f(0)(600)        ,Maybe non-qQ              
775        ,1.       ,1.       ,150.       ,2.       ,2.       ,1  ,+,1   ,-, ,B,    213,  +1, ,R,rho(770)         ,uD                  
775        ,1.       ,1.       ,150.       ,2.       ,2.       ,1  ,+,1   ,-,-, ,    113,   0, ,R,rho(770)         ,(uU-dD)/sqrt(2)     
782.59     ,.11      ,.11      ,8.49       ,.08      ,.08      ,0  ,-,1   ,-,-, ,    223,   0, ,R,omega(782)       ,x(uU+dD)+y(sS)      
957.78     ,.14      ,.14      ,.202       ,.016     ,.016     ,0  ,+,0   ,-,+, ,    331,   0, ,R,eta'(958)        ,x(uU+dD)+y(sS)      
980        ,10.      ,10.      ,70.        ,30.      ,30.      ,0  ,+,0   ,+,+, ,9010221,   0, ,R,f(0)(980)        ,Maybe non-qQ              
984.7      ,1.2      ,1.2      ,75.        ,25.      ,25.      ,1  ,-,0   ,+, ,B,9000211,  +1, ,R,a(0)(980)        ,Maybe non-qQ              
984.7      ,1.2      ,1.2      ,75.        ,25.      ,25.      ,1  ,-,0   ,+,+, ,9000111,   0, ,R,a(0)(980)        ,Maybe non-qQ              
1019.456   ,.020     ,.020     ,4.26       ,.05      ,.05      ,0  ,-,1   ,-,-, ,    333,   0, ,R,phi(1020)        ,x(uU+dD)+y(sS)      
1170       ,20.      ,20.      ,360.       ,40.      ,40.      ,0  ,-,1   ,+,-, ,  10223,   0, ,R,h(1)(1170)       ,x(uU+dD)+y(sS)      
1229.5     ,3.2      ,3.2      ,142.       ,9.       ,9.       ,1  ,+,1   ,+, ,B,  10213,  +1, ,R,b(1)(1235)       ,uD                  
1229.5     ,3.2      ,3.2      ,142.       ,9.       ,9.       ,1  ,+,1   ,+,-, ,  10113,   0, ,R,b(1)(1235)       ,(uU-dD)/sqrt(2)     
1230       ,40.      ,40.      ,425.       ,175.     ,175.     ,1  ,-,1   ,+, ,B,  20213,  +1, ,R,a(1)(1260)       ,uD                  
1230       ,40.      ,40.      ,425.       ,175.     ,175.     ,1  ,-,1   ,+,+, ,  20113,   0, ,R,a(1)(1260)       ,(uU-dD)/sqrt(2)     
1275.4     ,1.2      ,1.2      ,185.1      ,3.5      ,2.6      ,0  ,+,2   ,+,+, ,    225,   0, ,R,f(2)(1270)       ,x(uU+dD)+y(sS)      
1281.9     ,.6       ,.6       ,24.1       ,1.1      ,1.1      ,0  ,+,1   ,+,+, ,  20223,   0, ,R,f(1)(1285)       ,x(uU+dD)+y(sS)      
1294       ,4.       ,4.       ,55.        ,5.       ,5.       ,0  ,+,0   ,-,+, , 100221,   0, ,R,eta(1295)        ,x(uU+dD)+y(sS)      
1300       ,100.     ,100.     ,400.       ,200.     ,200.     ,1  ,-,0   ,-, ,B, 100211,  +1, ,R,pi(1300)         ,uD                  
1300       ,100.     ,100.     ,400.       ,200.     ,200.     ,1  ,-,0   ,-,+, , 100111,   0, ,R,pi(1300)         ,(uU-dD)/sqrt(2)     
1318       ,.6       ,.6       ,107.       ,5.       ,5.       ,1  ,-,2   ,+, ,B,    215,  +1, ,R,a(2)(1320)       ,uD                  
1318.3     ,.6       ,.6       ,107.       ,5.       ,5.       ,1  ,-,2   ,+,+, ,    115,   0, ,R,a(2)(1320)       ,(uU-dD)/sqrt(2)     
1350       ,150.     ,150.     ,350.       ,150.     ,150.     ,0  ,+,0   ,+,+, ,  10221,   0, ,R,f(0)(1370)       ,x(uU+dD)+y(sS)      
1386       ,19.      ,19.      ,91.        ,30.      ,30.      ,?  ,-,1   ,+,-, ,  10333,   0, ,S,h(1)(1380)       ,x(uU+dD)+y(sS)      
1376       ,17.      ,17.      ,300.       ,40.      ,40.      ,1  ,-,1   ,-, ,B,9000213,  +1, ,R,pi(1)(1400)      ,Maybe non-qQ              
1376       ,17.      ,17.      ,300.       ,40.      ,40.      ,1  ,-,1   ,-,+, ,9000113,   0, ,R,pi(1)(1400)      ,Maybe non-qQ              
1410.3     ,2.6      ,2.6      ,51.        ,4.       ,4.       ,0  ,+,0   ,-,+, ,9020221,   0, ,R,eta(1405)        ,x(uU+dD)+y(sS)      
1426.3     ,0.9      ,0.9      ,54.9       ,2.6      ,2.6      ,0  ,+,1   ,+,+, ,  20333,   0, ,R,f(1)(1420)       ,x(uU+dD)+y(sS)      
1425       ,25.      ,25.      ,215.       ,35.      ,35.      ,0  ,-,1   ,-,-, , 100223,   0, ,R,omega(1420)      ,x(uU+dD)+y(sS)      
1453       ,4.       ,4.       ,13.        ,5.       ,5.       ,0  ,+,2   ,+,+, ,9000225,   0, ,S,f(2)(1430)       ,x(uU+dD)+y(sS)      
1474       ,19.      ,19.      ,265.       ,13.      ,13.      ,1  ,-,0   ,+, ,B,  10211,  +1, ,R,a(0)(1450)       ,uD                  
1474       ,19.      ,19.      ,265.       ,13.      ,13.      ,1  ,-,0   ,+,+, ,  10111,   0, ,R,a(0)(1450)       ,(uU-dD)/sqrt(2)     
1465       ,25.      ,25.      ,310.       ,60.      ,60.      ,1  ,+,1   ,-, ,B, 100213,  +1, ,R,rho(1450)        ,uD                  
1465       ,25.      ,25.      ,400.       ,60.      ,60.      ,1  ,+,1   ,-,-, , 100113,   0, ,R,rho(1450)        ,(uU-dD)/sqrt(2)     
1476       ,4        ,4        ,65.        ,15.      ,15.      ,0  ,+,0   ,-,+, , 100331,   0, ,R,eta(1475)        ,x(uU+dD)+y(sS)      
1507       ,5.       ,5.       ,109.       ,7.       ,7.       ,0  ,+,0   ,+,+, ,9030221,   0, ,R,f(0)(1500)       ,Maybe non-qQ              
1518       ,5.       ,5.       ,73.        ,25.      ,25.      ,0  ,+,1   ,+,+, ,9000223,   0, ,S,f(1)(1510)       ,x(uU+dD)+y(sS)      
1525       ,5.       ,5.       ,73.        ,6.       ,5.       ,0  ,+,2   ,+,+, ,    335,   0, ,R,f(2)'(1525)      ,x(uU+dD)+y(sS)      
1546       ,12.      ,12.      ,126.       ,12.      ,12.      ,0  ,+,2   ,+,+, ,9010225,   0, ,S,f(2)(1565)       ,x(uU+dD)+y(sS)      
1594       ,18.      ,62.      ,384.       ,90.      ,120.     ,0  ,-,1   ,+,-, ,9010223,   0, ,S,h(1)(1595)       ,x(uU+dD)+y(sS)      
1596       ,25.      ,14.      ,312.       ,24.      ,64.      ,1  ,-,1   ,-, ,B,9010213,  +1, ,R,pi(1)(1600)      ,Maybe non-qQ              
1596       ,25.      ,14.      ,312.       ,64.      ,24.      ,1  ,-,1   ,-,+, ,9010113,   0, ,R,pi(1)(1600)      ,Maybe non-qQ              
1647       ,22.      ,22.      ,254.       ,22.      ,22.      ,1  ,-,1   ,+,+, ,9020113,   0, ,S,a(1)(1640)       ,(uU-dD)/sqrt(2)     
1647       ,22.      ,22.      ,254.       ,27.      ,27.      ,1  ,-,1   ,+, ,B,9020213,  +1, ,S,a(1)(1640)       ,uD                  
1638       ,6.       ,6.       ,99.        ,28.      ,24.      ,0  ,+,2   ,+,+, ,9020225,   0, ,S,f(2)(1640)       ,x(uU+dD)+y(sS)      
1617       ,5.       ,5.       ,181.       ,11.      ,11.      ,0  ,+,2   ,-,+, ,  10225,   0, ,R,eta(2)(1645)     ,x(uU+dD)+y(sS)      
1670       ,30.      ,30.      ,315.       ,35.      ,35.      ,0  ,-,1   ,-,-, ,  30223,   0, ,R,omega(1650)      ,x(uU+dD)+y(sS)      
1667       ,4.       ,4.       ,168.       ,10.      ,10.      ,0  ,-,3   ,-,-, ,    227,   0, ,R,omega3(1670)     ,x(uU+dD)+y(sS)      
1672.4     ,3.2      ,3.2      ,259.       ,9.       ,9.       ,1  ,-,2   ,-, ,B,  10215,  +1, ,R,pi(2)(1670)      ,uD                  
1672.4     ,3.2      ,3.2      ,259.       ,9.       ,9.       ,1  ,-,2   ,-,+, ,  10115,   0, ,R,pi(2)(1670)      ,(uU-dD)/sqrt(2)     
1680       ,20.      ,20.      ,150.       ,50.      ,50.      ,0  ,-,1   ,-,-, , 100333,   0, ,R,phi(1680)        ,x(uU+dD)+y(sS)      
1688.8     ,2.1      ,2.1      ,161.       ,10.      ,10.      ,1  ,+,3   ,-, ,B,    217,  +1, ,R,rho(3)(1690)     ,uD                  
1688.8     ,2.1      ,2.1      ,161.       ,10.      ,10.      ,1  ,+,3   ,-,-, ,    117,   0, ,R,rho(3)(1690)     ,(uU-dD)/sqrt(2)     
1720       ,20.      ,20.      ,250.       ,100.     ,100.     ,1  ,+,1   ,-, ,B,  30213,  +1, ,R,rho(1700)        ,uD                  
1720       ,20.      ,20.      ,250.       ,100.     ,100.     ,1  ,+,1   ,-,-, ,  30113,   0, ,R,rho(1700)        ,(uU-dD)/sqrt(2)     
1732       ,16.      ,16.      ,194.       ,40.      ,40.      ,1  ,-,2   ,+, ,B, 100215,  +1, ,S,a(2)(1700)       ,uD                  
1732       ,16.      ,16.      ,194.       ,40.      ,40.      ,1  ,-,2   ,+,+, , 100115,   0, ,S,a(2)(1700)       ,(uU-dD)/sqrt(2)     
1714       ,5.       ,5.       ,140.       ,10.      ,10.      ,0  ,+,0   ,+,+, ,  10331,   0, ,R,f(0)(1710)       ,x(uU+dD)+y(sS)      
1760       ,11.      ,11.      ,60.        ,16.      ,16.      ,0  ,+,0   ,-,+, , 200221,   0, ,S,eta(1760)        ,x(uU+dD)+y(sS)      
1812       ,14.      ,14.      ,207.       ,13.      ,13.      ,1  ,-,0   ,-, ,B,9010211,  +1, ,R,pi(1800)         ,uD                  
1812       ,14.      ,14.      ,207.       ,13.      ,13.      ,1  ,-,0   ,-,+, ,9010111,   0, ,R,pi(1800)         ,(uU-dD)/sqrt(2)     
1815       ,12.      ,12.      ,197.       ,22.      ,22.      ,0  ,+,2   ,+,+, ,9030225,   0, ,S,f(2)(1810)       ,x(uU+dD)+y(sS)      
1854       ,7.       ,7.       ,87.        ,28.      ,23.      ,0  ,-,3   ,-,-, ,    337,   0, ,R,phi(3)(1850)     ,x(uU+dD)+y(sS)      
1842       ,8.       ,8.       ,225.       ,14.      ,14.      ,0  ,+,2   ,-,+, ,  10335,   0, ,S,eta(2)(1870)     ,x(uU+dD)+y(sS)      
1911       ,4.       ,4.       ,29.        ,12.      ,12.      ,1  ,+,1   ,-, ,B,9020213,  +1, ,S,rho(1900)        ,uD                  
1910       ,10.      ,10.      ,37.        ,13.      ,13.      ,1  ,+,1   ,-,-, ,9020113,   0, ,S,rho(1900)        ,(uU-dD)/sqrt(2)     
1915       ,7.       ,7.       ,163.       ,50.      ,50.      ,0  ,+,2   ,+,+, ,9040225,   0, ,S,f(2)(1910)       ,x(uU+dD)+y(sS)      
1945       ,13.      ,13.      ,475.       ,19.      ,19.      ,0  ,+,2   ,+,+, ,9050225,   0, ,R,f(2)(1950)       ,x(uU+dD)+y(sS)      
1982       ,14.      ,14.      ,188.       ,24.      ,24.      ,1  ,+,3   ,-, ,B,9000217,  +1, ,S,rho(3)(1990)     ,uD                  
1982       ,14.      ,14.      ,188.       ,24.      ,24.      ,1  ,+,3   ,-,-, ,9000117,   0, ,S,rho(3)(1990)     ,x(uU+dD)+y(sS)      
2011       ,60.      ,80.      ,202.       ,60.      ,60.      ,0  ,+,2   ,+,+, ,9060225,   0, ,R,f(2)(2010)       ,x(uU+dD)+y(sS)      
1992       ,16.      ,16.      ,442.       ,60.      ,60.      ,0  ,+,0   ,+,+, ,9040221,   0, ,S,f(0)(2020)       ,x(uU+dD)+y(sS)      
2010       ,12.      ,12.      ,353.       ,40.      ,40.      ,1  ,-,4   ,+, ,B,    219,  +1, ,R,a(4)(2040)       ,uD                  
2010       ,12.      ,12.      ,353.       ,40.      ,40.      ,1  ,-,4   ,+,+, ,    119,   0, ,R,a(4)(2040)       ,(uU-dD)/sqrt(2)     
2034       ,11.      ,11.      ,222.       ,19.      ,19.      ,0  ,+,4   ,+,+, ,    229,   0, ,R,f(4)(2050)       ,x(uU+dD)+y(sS)      
2090       ,29.      ,29.      ,625.       ,50.      ,50.      ,1  ,-,2   ,-, ,B,9000215,  +1, ,S,pi(2)(2100)      ,uD                  
2090       ,29.      ,29.      ,625.       ,50.      ,50.      ,1  ,-,2   ,-,+, ,9000115,   0, ,S,pi(2)(2100)      ,(uU-dD)/sqrt(2)     
2105       ,10.      ,10.      ,211.       ,29.      ,29.      ,0  ,+,0   ,+,+, ,9050221,   0, ,S,f(0)(2100)       ,x(uU+dD)+y(sS)      
2156       ,11.      ,11.      ,167.       ,30.      ,30.      ,0  ,+,2   ,+,+, ,9070225,   0, ,S,f(2)(2150)       ,x(uU+dD)+y(sS)      
2149       ,17.      ,17.      ,363.       ,50.      ,50.      ,1  ,+,1   ,-, ,B,9030213,  +1, ,S,rho(2150)        ,uD                  
2149       ,17.      ,17.      ,363.       ,50.      ,50.      ,1  ,+,1   ,-,-, ,9030113,   0, ,S,rho(2150)        ,(uU-dD)/sqrt(2)     
2197       ,17.      ,17.      ,201.       ,50.      ,50.      ,0  ,+,0   ,+,+, ,9060221,   0, ,S,f(0)(2200)       ,x(uU+dD)+y(sS)      
2231.1     ,3.5      ,3.5      ,23.        ,8.       ,7.       ,0  ,+,2or4,+,+, ,9000229,   0, ,S,f(J)(2220)       ,x(uU+dD)+y(sS)      
2214       ,24.      ,24.      ,150.       ,300.     ,60.      ,0  ,+,0   ,-,+, ,9060221,   0, ,S,eta(2225)        ,x(uU+dD)+y(sS)      
2260       ,20.      ,20.      ,160.       ,25.      ,25.      ,1  ,+,3   ,-, ,B,9010217,  +1, ,S,rho(3)(2250)     ,uD                  
2260       ,20.      ,20.      ,160.       ,25.      ,25.      ,1  ,+,3   ,-,-, ,9010117,   0, ,S,rho(3)(2250)     ,(uU-dD)/sqrt(2)     
2297       ,28.      ,28.      ,149.       ,40.      ,40.      ,0  ,+,2   ,+,+, ,9080225,   0, ,R,f(2)(2300)       ,x(uU+dD)+y(sS)      
2332       ,15.      ,15.      ,260.       ,60.      ,60.      ,0  ,+,4   ,+,+, ,9010229,   0, ,S,f(4)(2300)       ,x(uU+dD)+y(sS)      
2339       ,60.      ,60.      ,319.       ,80.      ,70.      ,0  ,+,2   ,+,+, ,9090225,   0, ,R,f(2)(2340)       ,x(uU+dD)+y(sS)      
2330       ,35.      ,35.      ,400.       ,100.     ,100.     ,1  ,+,5   ,-,-, ,       ,   0, ,S,rho(5)(2350)     ,x(uU+dD)+y(sS)      
2450       ,130.     ,130.     ,400.       ,250.     ,250.     ,1  ,-,6   ,+,+, ,       ,   0, ,S,a(6)(2450)       ,x(uU+dD)+y(sS)      
2465       ,50.      ,50.      ,255.       ,40.      ,40.      ,0  ,+,6   ,+,+, ,       ,   0, ,S,f(6)(2510)       ,x(uU+dD)+y(sS)      
1107       ,4.       ,4.       ,111.       ,17.      ,17.      ,0  ,+,e   ,v,e, ,       ,    , ,F,X(1110)          ,??                  
1530       ,90.      ,250.     ,560.       ,40.      ,40.      ,0  ,+,0   ,+,+, ,       ,    , ,F,f(0)(1200-1600)  ,x(uU+dD)+y(sS)      
1420       ,20.      ,20.      ,160.       ,10.      ,10.      ,2  ,+,0   ,+,+, ,       ,    , ,F,X(1420)          ,??                  
1600       ,100.     ,100.     ,400.       ,200.     ,200.     ,2  ,+,2   ,+,+, ,       ,    , ,F,X(1600)          ,??                  
1652       ,7.       ,7.       ,50.        ,-1       ,-1       ,0  ,-,?   ,?,-, ,       ,    , ,F,X(1650)          ,??                  
1735.5     ,2.7      ,2.7      ,122.2      ,10.1     ,10.1     ,?  ,?,1   ,-,-, ,       ,    , ,F,X(1750)          ,??                  
1787       ,18.      ,18.      ,118.       ,60.      ,60.      ,1  ,-,?   ,-,+, ,       ,    , ,F,X(1775)          ,??                  
1856.6     ,5.       ,5.       ,20.        ,5.       ,5.       ,?  ,?,?   ,?,?, ,       ,    , ,F,X(1855)          ,??                  
1859       ,6        ,27       ,15         ,15       ,15       ,?  ,?,?   ,?,?, ,       ,    , ,F,X(1860)          ,??                  
1870       ,-1       ,-1       ,10.        ,-1       ,-1       ,?  ,?,?   ,?,?, ,       ,    , ,F,X(1870)          ,??                  
1870       ,40       ,40       ,250.       ,30.      ,30.      ,?  ,?,2   ,-,-, ,       ,    , ,F,X(1870)          ,??                  
1874       ,105.     ,105.     ,385.       ,166.     ,166.     ,0  ,+,1   ,-,-, ,       ,    , ,F,a(3)(1875)       ,(uU-dD)/sqrt(2)     
1880       ,20.      ,20.      ,255.       ,45.      ,45.      ,1  ,-,2   ,-,+, ,       ,    , ,F,pi(2)(1880)      ,(uU-dD)/sqrt(2)     
1930       ,30.      ,70.      ,155.       ,45.      ,45.      ,0  ,-,1   ,+,+, ,       ,    , ,F,a(1)(1930)       ,(uU-dD)/sqrt(2)     
1935       ,20.      ,20.      ,215.       ,30.      ,30.      ,1  ,+,1   ,-,-, ,       ,    , ,F,X(1935)          ,??                  
1940       ,40.      ,40.      ,155.       ,40.      ,40.      ,1  ,+,2   ,-,-, ,       ,    , ,F,rho(2)(1940)     ,(uU-dD)/sqrt(2)     
1945       ,20.      ,20.      ,115.       ,22.      ,22.      ,0  ,-,3   ,-,-, ,       ,    , ,F,omega(3)(1945)   ,x(uU+dD)+y(sS)      
1960       ,25.      ,25.      ,195.       ,60.      ,60.      ,0  ,-,1   ,-,-, ,       ,    , ,F,omega(1960)      ,x(uU+dD)+y(sS)      
1960       ,35.      ,35.      ,230.       ,50.      ,50.      ,1  ,-,1   ,+,-, ,       ,    , ,F,b(1)(1960)       ,(uU-dD)/sqrt(2)     
2000       ,30.      ,30.      ,295.       ,85.      ,85.      ,1  ,+,1   ,-,-, ,       ,    , ,F,rho(1965)        ,x(uU+dD)+y(sS)      
1965       ,45.      ,45.      ,345.       ,75.      ,75.      ,0  ,-,1   ,+,-, ,       ,    , ,F,h(1)(1965)       ,(uU-dD)/sqrt(2)     
1971       ,15.      ,15.      ,240.       ,45.      ,45.      ,0  ,+,1   ,+,+, ,       ,    , ,F,f(1)(1970)       ,x(uU+dD)+y(sS)      
1970       ,10.      ,10.      ,40.        ,20.      ,20.      ,?  ,?,?   ,?,?, ,       ,    , ,F,X(1970)          ,??                  
1973       ,15.      ,15.      ,80.        ,-1       ,-1       ,?  ,?,?   ,?,?, ,       ,    , ,F,X(1975)          ,??                  
1975       ,20.      ,20.      ,175.       ,25.      ,25.      ,0  ,-,2   ,-,-, ,       ,    , ,F,omega(2)(1975)   ,x(uU+dD)+y(sS)      
1990       ,15.      ,30.      ,190.       ,50.      ,50.      ,1  ,-,2   ,+,+, ,       ,    , ,F,a(2)(1990)       ,(uU-dD)/sqrt(2)     
2000       ,30.      ,30.      ,295.       ,85.      ,85.      ,1  ,+,1   ,-,-, ,       ,    , ,F,rho(2000)        ,x(uU+dD)+y(sS)      
2001       ,10.      ,10.      ,312.       ,32.      ,32.      ,0  ,+,2   ,+,+, ,       ,    , ,F,f(2)(2000)       ,x(uU+dD)+y(sS)      
2005       ,15.      ,15.      ,200.       ,40.      ,40.      ,1  ,-,2   ,-,+, ,       ,    , ,F,pi(2)(2005)      ,(uU-dD)/sqrt(2)     
1964       ,35.      ,35.      ,225.       ,50.      ,50.      ,1  ,-,?   ,?,+, ,       ,    , ,F,X(2000)          ,??                  
1998       ,6.       ,6.       ,7.5        ,-1       ,-1       ,?  ,?,4   ,+,+, ,       ,    , ,F,X(2000)          ,??                  
2010       ,35.      ,60.      ,270.       ,60.      ,60.      ,0  ,+,0   ,-,+, ,       ,    , ,F,eta(2010)        ,x(uU+dD)+y(sS)      
2025       ,30.      ,30.      ,330.       ,75.      ,75.      ,1  ,-,0   ,+,+, ,       ,    , ,F,a(0)(2020)       ,(uU-dD)/sqrt(2)     
2015       ,3.       ,3.       ,10.        ,4.       ,4.       ,?  ,?,?   ,?,?, ,       ,    , ,F,X(2020)          ,??                  
2025       ,20.      ,20.      ,145.       ,20.      ,30.      ,0  ,-,3   ,-,-, ,       ,    , ,F,h(3)(2025)       ,x(uU+dD)+y(sS)      
2032       ,12.      ,12.      ,117.       ,11.      ,11.      ,1  ,+,3   ,+,-, ,       ,    , ,F,b(3)(2025)       ,(uU-dD)/sqrt(2)     
2030       ,16.      ,16.      ,205.       ,18.      ,18.      ,0  ,+,2   ,-,+, ,       ,    , ,F,eta(2)(2030)     ,x(uU+dD)+y(sS)      
2045       ,8.       ,8.       ,213.       ,34.      ,34.      ,0  ,+,3   ,+,+, ,       ,    , ,F,f(3)(2050)       ,x(uU+dD)+y(sS)      
2060       ,-1       ,-1       ,50.        ,-1       ,-1       ,0  ,+,0   ,+,+, ,       ,    , ,F,f(0)(2060)       ,x(uU+dD)+y(sS)      
2070       ,35.      ,35.      ,310.       ,100.     ,50.      ,0  ,-,0   ,-,+, ,       ,    , ,F,pi(2070)         ,(uU-dD)/sqrt(2)     
2070       ,20.      ,20.      ,170.       ,40.      ,40.      ,1  ,-,3   ,+,+, ,       ,    , ,F,a(3)(2070)       ,(uU-dD)/sqrt(2)     
2100       ,10.      ,30.      ,360.       ,100.     ,40.      ,1  ,-,2   ,+,+, ,       ,    , ,F,a(2)(2080)       ,(uU-dD)/sqrt(2)     
2080       ,10.      ,10.      ,110.       ,20.      ,20.      ,?  ,?,?   ,?,?, ,       ,    , ,F,X(2080)          ,??                  
2080       ,10.      ,10.      ,190.       ,15.      ,15.      ,?  ,?,3   ,-,?, ,       ,    , ,F,X(2080)          ,??                  
2103       ,50.      ,50.      ,187.       ,75.      ,75.      ,0  ,+,0   ,-,+, ,       ,    , ,F,eta(2100)        ,x(uU+dD)+y(sS)      
2100       ,40.      ,40.      ,250.       ,40.      ,40.      ,?  ,?,0   ,?,?, ,       ,    , ,F,X(2100)          ,??                  
2110       ,10.      ,10.      ,330.       ,20.      ,20.      ,1  ,+,3   ,-,?, ,       ,    , ,F,X(2110)          ,??                  
2141       ,12.      ,12.      ,49.        ,28.      ,28.      ,0  ,+,2   ,+,+, ,       ,    , ,F,f(2)(2140)       ,x(uU+dD)+y(sS)      
2150       ,20.      ,20.      ,235.       ,30.      ,30.      ,0  ,-,1   ,-,-, ,       ,    , ,F,omega(2145)      ,x(uU+dD)+y(sS)      
2150       ,10.      ,10.      ,260.       ,10.      ,10.      ,?  ,?,2   ,+,?, ,       ,    , ,F,X(2150)          ,??                  
2175       ,40.      ,40.      ,310.       ,90.      ,45.      ,0  ,-,2   ,+,+, ,       ,    , ,F,a(2)(2175)       ,(uU-dD)/sqrt(2)     
2190       ,50.      ,50.      ,850.       ,100.     ,100.     ,0  ,+,0   ,-,+, ,       ,    , ,F,eta(2190)        ,x(uU+dD)+y(sS)      
2195       ,30.      ,30.      ,225.       ,40.      ,40.      ,0  ,-,2   ,-,-, ,       ,    , ,F,omega(2)(2195)   ,x(uU+dD)+y(sS)      
2205       ,30.      ,30.      ,350.       ,90.      ,90.      ,0  ,-,1   ,-,-, ,       ,    , ,F,omega(2205)      ,x(uU+dD)+y(sS)      
2210       ,79.      ,21.      ,203.       ,437.     ,87.      ,?  ,?,?   ,?,?, ,       ,    , ,F,X(2210)          ,??                  
2207       ,22.      ,22.      ,130.       ,-1       ,-1       ,?  ,?,?   ,?,?, ,       ,    , ,F,X(2210)          ,??                  
2215       ,40.      ,40.      ,325.       ,55.      ,55.      ,0  ,-,1   ,+,-, ,       ,    , ,F,h(1)(2215)       ,x(uU+dD)+y(sS)      
2240       ,35.      ,35.      ,320.       ,85.      ,85.      ,1  ,+,1   ,+,-, ,       ,    , ,F,b(1)(2240)       ,(uU-dD)/sqrt(2)     
2225       ,35.      ,35.      ,335.       ,100.     ,50.      ,1  ,+,2   ,-,-, ,       ,    , ,F,rho(2)(2240)     ,(uU-dD)/sqrt(2)     
2230       ,25.      ,25.      ,210.       ,30.      ,30.      ,1  ,+,4   ,-,-, ,       ,    , ,F,rho(4)(2240)     ,(uU-dD)/sqrt(2)     
2245       ,60.      ,60.      ,320.       ,100.     ,40.      ,0  ,-,2   ,-,+, ,       ,    , ,F,pi(2)(2245)      ,(uU-dD)/sqrt(2)     
2248       ,20.      ,20.      ,280.       ,20.      ,20.      ,0  ,+,2   ,-,+, ,       ,    , ,F,eta(2)(2250)     ,x(uU+dD)+y(sS)      
2250       ,15.      ,15.      ,215.       ,25.      ,25.      ,1  ,-,4   ,-,+, ,       ,    , ,F,pi(4)(2250)      ,(uU-dD)/sqrt(2)     
2250       ,30.      ,30.      ,150.       ,50.      ,50.      ,0  ,-,4   ,-,-, ,       ,    , ,F,omega(4)(2250)   ,x(uU+dD)+y(sS)      
2255       ,15.      ,15.      ,175.       ,30.      ,30.      ,0  ,-,3   ,-,-, ,       ,    , ,F,omega(3)(2255)   ,x(uU+dD)+y(sS)      
2260       ,20.      ,20.      ,400.       ,100.     ,100.     ,0  ,+,4   ,+,?, ,       ,    , ,F,X(2260)          ,??                  
2265       ,40.      ,40.      ,325.       ,80.      ,80.      ,1  ,+,1   ,-,-, ,       ,    , ,F,rho(2265)        ,(uU-dD)/sqrt(2)     
2270       ,55.      ,40.      ,305.       ,70.      ,40.      ,1  ,-,1   ,+,+, ,       ,    , ,F,a(1)(2270)       ,(uU-dD)/sqrt(2)     
2280       ,30.      ,30.      ,280.       ,50.      ,50.      ,1  ,-,2   ,+,+, ,       ,    , ,F,a(2)(2270)       ,(uU-dD)/sqrt(2)     
2275       ,25.      ,25.      ,190.       ,45.      ,45.      ,0  ,-,3   ,+,-, ,       ,    , ,F,h(3)(2275)       ,x(uU+dD)+y(sS)      
2260       ,15.      ,15.      ,180.       ,20.      ,20.      ,1  ,-,4   ,+,+, ,       ,    , ,F,a(4)(2280)       ,(uU-dD)/sqrt(2)     
2320       ,15.      ,15.      ,230.       ,35.      ,35.      ,0  ,+,0   ,-,+, ,       ,    , ,F,eta(2280)        ,x(uU+dD)+y(sS)      
2280       ,50.      ,50.      ,440.       ,110.     ,110.     ,1  ,-,1   ,-,-, ,       ,    , ,F,rho(2280)        ,(uU-dD)/sqrt(2)     
2285       ,60.      ,60.      ,230.       ,40.      ,40.      ,0  ,-,3   ,-,-, ,       ,    , ,F,omega(3)(2285)   ,x(uU+dD)+y(sS)      
2303       ,15.      ,15.      ,214.       ,29.      ,29.      ,0  ,+,3   ,+,+, ,       ,    , ,F,f(3)(2300)       ,x(uU+dD)+y(sS)      
2300       ,50.      ,80.      ,340.       ,50.      ,50.      ,0  ,-,3   ,-,-, ,       ,    , ,F,rho(3)(2300)     ,(uU-dD)/sqrt(2)     
2310       ,40.      ,40.      ,180.       ,120.     ,60.      ,1  ,-,3   ,+,+, ,       ,    , ,F,a(3)(2310)       ,(uU-dD)/sqrt(2)     
2310       ,60.      ,60.      ,255.       ,70.      ,70.      ,0  ,+,1   ,+,+, ,       ,    , ,F,f(1)(2310)       ,x(uU+dD)+y(sS)      
2328       ,38.      ,38.      ,240.       ,90.      ,90.      ,0  ,+,4   ,-,+, ,       ,    , ,F,eta(4)(2320)     ,x(uU+dD)+y(sS)      
2337       ,14.      ,14.      ,217.       ,33.      ,33.      ,0  ,+,0   ,+,+, ,       ,    , ,F,f(0)(2330)       ,x(uU+dD)+y(sS)      
2330       ,30.      ,30.      ,435.       ,75.      ,75.      ,0  ,-,1   ,-,-, ,       ,    , ,F,omega(2330)      ,x(uU+dD)+y(sS)      
2340       ,40.      ,40.      ,230.       ,70.      ,70.      ,1  ,-,1   ,+,+, ,       ,    , ,F,a(1)(2340)       ,(uU-dD)/sqrt(2)     
2340       ,20.      ,20.      ,180.       ,60.      ,60.      ,?  ,?,?   ,?,?, ,       ,    , ,F,X(2340)          ,??                  
2360       ,25.      ,25.      ,300.       ,100.     ,50.      ,0  ,-,0   ,-,+, ,       ,    , ,F,pi(2360)         ,(uU-dD)/sqrt(2)     
2360       ,10.      ,10.      ,430.       ,30.      ,30.      ,?  ,?,4   ,+,?, ,       ,    , ,F,X(2360)          ,??                  
2440       ,10.      ,10.      ,310.       ,20.      ,20.      ,?  ,?,5   ,?,?, ,       ,    , ,F,X(2440)          ,??                  
2676       ,27.      ,27.      ,150.       ,-1       ,-1       ,?  ,?,?   ,?,?, ,       ,    , ,F,X(2680)          ,??                  
2710       ,20.      ,20.      ,170.       ,40.      ,40.      ,?  ,?,6   ,?,?, ,       ,    , ,F,X(2710)          ,??                  
2747       ,32.      ,32.      ,195.       ,75.      ,75.      ,?  ,?,7   ,-,?, ,       ,    , ,F,X(2750)          ,??                  
3270       ,21.      ,21.      ,25.        ,11.      ,11.      ,?  ,?,?   ,?,?, ,       ,    , ,F,X(3250)          ,??                  
493.677    ,.016     ,.016     ,5.315E-14  ,1.E-16   ,1.E-16   ,1/2, ,0   ,-, ,B,    321,  +1, ,R,K                ,uS                  
497.648    ,.022     ,.022     ,-1         ,-1       ,-1       ,1/2, ,0   ,-, ,F,    311,   0, ,R,K                ,dS                  
497.648    ,0.022    ,0.022    ,7.367E-12  ,7.E-15   ,7.E-15   ,1/2, ,0   ,-, , ,    310,   0, ,R,K(S)             ,p(dS)+q(Ds)         
497.648    ,0.022    ,0.022    ,1.272E-14  ,1.E-16   ,1.E-16   ,1/2, ,0   ,-, , ,    130,   0, ,R,K(L)             ,p(dS)-q(Ds)         
722        ,60       ,60       ,772        ,100      ,100      ,1/2, ,0   ,+, ,B,9000321,  +1, ,S,K(0)*(800)       ,Maybe non-qQ              
722        ,60       ,60       ,772        ,100      ,100      ,1/2, ,0   ,+, ,F,9000311,   0, ,S,K(0)*(800)       ,Maybe non-qQ              
891.66     ,0.26     ,0.26     ,50.8       ,0.9      ,0.9      ,1/2, ,1   ,-, ,B,    323,  +1, ,R,K*(892)          ,uS                  
896.10     ,0.27     ,0.27     ,50.7       ,0.6      ,0.6      ,1/2, ,1   ,-, ,F,    313,   0, ,R,K*(892)          ,dS                  
1271       ,7.       ,7.       ,90.        ,20.      ,20.      ,1/2, ,1   ,+, ,B,  10323,  +1, ,R,K(1)(1270)       ,uS                  
1271       ,7.       ,7.       ,90.        ,20.      ,20.      ,1/2, ,1   ,+, ,F,  10313,   0, ,R,K(1)(1270)       ,dS                  
1402       ,7.       ,7.       ,174.       ,13.      ,13.      ,1/2, ,1   ,+, ,B,  20323,  +1, ,R,K(1)(1400)       ,uS                  
1402       ,7.       ,7.       ,174.       ,13.      ,13.      ,1/2, ,1   ,+, ,F,  20313,   0, ,R,K(1)(1400)       ,dS                  
1414       ,15.      ,15.      ,232.       ,21.      ,21.      ,1/2, ,1   ,-, ,B, 100323,  +1, ,R,K*(1410)         ,uS                  
1414       ,15.      ,15.      ,232.       ,21.      ,21.      ,1/2, ,1   ,-, ,F, 100313,   0, ,R,K*(1410)         ,dS                  
1412       ,6.       ,6.       ,294.       ,23.      ,23.      ,1/2, ,0   ,+, ,B,  10321,  +1, ,R,K(0)*(1430)      ,uS                  
1412       ,6.       ,6.       ,294.       ,23.      ,23.      ,1/2, ,0   ,+, ,F,  10311,   0, ,R,K(0)*(1430)      ,dS                  
1425.6     ,1.5      ,1.5      ,98.5       ,2.7      ,2.7      ,1/2, ,2   ,+, ,B,    325,  +1, ,R,K(2)*(1430)      ,uS                  
1432.4     ,1.3      ,1.3      ,109.       ,5.       ,5.       ,1/2, ,2   ,+, ,F,    315,   0, ,R,K(2)*(1430)      ,dS                  
1460       ,-1       ,-1       ,260        ,-1       ,-1       ,1/2, ,0   ,-, ,B, 100321,  +1, ,S,K(1460)          ,uS                  
1460       ,-1       ,-1       ,260        ,-1       ,-1       ,1/2, ,0   ,-, ,F, 100311,   0, ,S,K(1460)          ,dS                  
1580       ,-1       ,-1       ,110.       ,-1       ,-1       ,1/2, ,2   ,-, ,B,9000325,  +1, ,S,K(2)(1580)       ,uS                  
1580       ,-1       ,-1       ,110.       ,-1       ,-1       ,1/2, ,2   ,-, ,F,9000315,   0, ,S,K(2)(1580)       ,dS                  
1629       ,7.       ,7.       ,16.        ,19.      ,16.      ,1/2, ,?   ,?, ,B,       ,  +1, ,S,K(1630)          ,uS                  
1629       ,7.       ,7.       ,16.        ,19.      ,16.      ,1/2, ,?   ,?, ,F,       ,   0, ,S,K(1630)          ,dS                  
1650       ,50.      ,50.      ,150.       ,50.      ,50.      ,1/2, ,1   ,+, ,B,9000323,  +1, ,S,K(1)(1650)       ,uS                  
1650       ,50.      ,50.      ,150.       ,50.      ,50.      ,1/2, ,1   ,+, ,F,9000313,   0, ,S,K(1)(1650)       ,dS                  
1717       ,27.      ,27.      ,322.       ,110.     ,110.     ,1/2, ,1   ,-, ,B,  30323,  +1, ,R,K*(1680)         ,uS                  
1717       ,27.      ,27.      ,322.       ,110.     ,110.     ,1/2, ,1   ,-, ,F,  30313,   0, ,R,K*(1680)         ,dS                  
1773       ,8.       ,8.       ,186.       ,14.      ,14.      ,1/2, ,2   ,-, ,B,  10325,  +1, ,R,K(2)(1770)       ,uS                  
1773       ,8.       ,8.       ,186.       ,14.      ,14.      ,1/2, ,2   ,-, ,F,  10315,   0, ,R,K(2)(1770)       ,dS                  
1776       ,7.       ,7.       ,159.       ,21.      ,21.      ,1/2, ,3   ,-, ,B,    327,  +1, ,R,K(3)*(1780)      ,uS                  
1776       ,7.       ,7.       ,159.       ,21.      ,21.      ,1/2, ,3   ,-, ,F,    317,   0, ,R,K(3)*(1780)      ,dS                  
1816       ,13.      ,13.      ,276.       ,35.      ,35.      ,1/2, ,2   ,-, ,B,  20325,  +1, ,R,K(2)(1820)       ,uS                  
1816       ,13.      ,13.      ,276.       ,35.      ,35.      ,1/2, ,2   ,-, ,F,  20315,   0, ,R,K(2)(1820)       ,dS                  
1830       ,-1       ,-1       ,-1         ,-1       ,-1       ,1/2, ,0   ,-, ,B, 200321,  +1, ,S,K(1830)          ,uS                  
1830       ,-1       ,-1       ,-1         ,-1       ,-1       ,1/2, ,0   ,-, ,F, 200311,   0, ,S,K(1830)          ,dS                  
1945       ,22.      ,22.      ,201.       ,90.      ,90.      ,1/2, ,0   ,+, ,B,9010321,  +1, ,S,K(0)*(1950)      ,uS                  
1945       ,22.      ,22.      ,201.       ,90.      ,90.      ,1/2, ,0   ,+, ,F,9010311,   0, ,S,K(0)*(1950)      ,dS                  
1973       ,26.      ,26.      ,373.       ,70.      ,70.      ,1/2, ,2   ,+, ,B, 100325,  +1, ,S,K(2)*(1980)      ,uS                  
1973       ,26.      ,26.      ,373.       ,70.      ,70.      ,1/2, ,2   ,+, ,F, 100315,   0, ,S,K(2)*(1980)      ,dS                  
2045       ,9.       ,9.       ,198.       ,30.      ,30.      ,1/2, ,4   ,+, ,B,    329,  +1, ,R,K(4)*(2045)      ,uS                  
2045       ,9.       ,9.       ,198.       ,30.      ,30.      ,1/2, ,4   ,+, ,F,    319,   0, ,R,K(4)*(2045)      ,dS                  
2247       ,17.      ,17.      ,180.       ,30.      ,30.      ,1/2, ,2   ,-, ,B,9010325,  +1, ,S,K(2)(2250)       ,uS                  
2247       ,17.      ,17.      ,180.       ,30.      ,30.      ,1/2, ,2   ,-, ,F,9010315,   0, ,S,K(2)(2250)       ,dS                  
2324       ,24.      ,24.      ,150.       ,30.      ,30.      ,1/2, ,3   ,+, ,B,9010327,  +1, ,S,K(3)(2320)       ,uS                  
2324       ,24.      ,24.      ,150.       ,30.      ,30.      ,1/2, ,3   ,+, ,F,9010317,   0, ,S,K(3)(2320)       ,dS                  
2382       ,24.      ,24.      ,178.       ,50.      ,50.      ,1/2, ,5   ,-, ,B,       ,  +1, ,S,K(5)*(2380)      ,uS                  
2382       ,24.      ,24.      ,178.       ,50.      ,50.      ,1/2, ,5   ,-, ,F,       ,   0, ,S,K(5)*(2380)      ,dS                  
2490       ,20.      ,20.      ,250.       ,-1       ,-1       ,1/2, ,4   ,-, ,B,9000329,  +1, ,S,K(4)(2500)       ,uS                  
2490       ,20.      ,20.      ,250        ,-1       ,-1       ,1/2, ,4   ,-, ,F,9000319,   0, ,S,K(4)(2500)       ,dS                  
3054       ,11.      ,11.      ,30.        ,15.      ,15.      ,?  ,?,?   ,?,?,B,       ,   0, ,S,K(3100)          ,Maybe non-qQ              
1869.4     ,.5       ,.5       ,6.28E-10   ,8.E-12   ,8.E-12   ,1/2, ,0   ,-, ,B,    411,  +1, ,R,D                ,Dc                  
1864.6     ,.5       ,.5       ,1.599E-9   ,1.E-11   ,1.E-11   ,1/2, ,0   ,-, ,F,    421,   0, ,R,D                ,Uc                  
2006.7     ,.5       ,.5       ,2.1        ,-1       ,-1       ,1/2, ,1   ,-, ,F,    423,   0, ,R,D*(2007)         ,Uc                  
2010.0     ,.5       ,.5       ,0.096      ,0.022    ,0.022    ,1/2, ,1   ,-, ,B,    413,  +1, ,R,D*(2010)         ,Dc                  
2422.2     ,1.8      ,1.8      ,18.9       ,4.6      ,3.5      ,1/2, ,1   ,+, ,F,  10423,   0, ,R,D(1)(2420)       ,Uc                  
2427       ,5.       ,5.       ,28.        ,8.       ,8.       ,1/2, ,?   ,?, ,B,  10413,  +1, ,S,D(1)(2420)       ,Dc                  
2458.9     ,2.0      ,2.0      ,23.        ,5.       ,5.       ,1/2, ,2   ,+, ,F,    425,   0, ,R,D(2)*(2460)      ,Uc                  
2459       ,4.       ,4.       ,25.        ,8.       ,7.       ,1/2, ,2   ,+, ,B,    415,  +1, ,R,D(2)*(2460)      ,Dc                  
2637       ,6.       ,6.       ,15.        ,-1       ,-1       ,1/2, ,?   ,?, ,B,       ,  +1, ,S,D*(2640)         ,Dc                  
2637       ,6.       ,6.       ,15.        ,-1       ,-1       ,1/2, ,?   ,?, ,F,       ,   0, ,S,D*(2640)         ,Uc                  
1968.3     ,.5       ,.5       ,1.342E-9   ,2.6E-11  ,2.6E-11  ,0  , ,0   ,-, ,B,    431,  +1, ,R,D(s)             ,cS                  
2112.1     ,.7       ,.7       ,-1         ,-1       ,-1       ,0  , ,?   ,?, ,B,    433,  +1, ,R,D(s)*            ,cS                  
2317.4     ,.9       ,.9       ,4.6        ,-1       ,-1       ,0  , ,0   ,+, ,B,  10431,  +1, ,R,D(sJ)(2317)      ,Maybe non-qQ              
2459.3     ,1.3      ,1.3      ,5.5        ,-1       ,-1       ,0  , ,1   ,+, ,B,  20433,  +1, ,R,D(sJ)(2460)      ,Maybe non-qQ              
2535.35    ,.6       ,.6       ,2.3        ,-1       ,-1       ,0  , ,1   ,+, ,B,  10433,  +1, ,R,D(s1)(2536)      ,cS                  
2572.4     ,1.5      ,1.5      ,15.        ,5.       ,4.       ,0  , ,?   ,?, ,B,    435,  +1, ,R,D(s2)(2573)      ,cS                  
5279.0     ,.5       ,.5       ,3.93E-10   ,4.E-12   ,4.E-12   ,1/2, ,0   ,-, ,B,    521,  +1, ,R,B                ,uB                  
5279.4     ,.5       ,.5       ,4.27E-10   ,4.E-12   ,4.E-12   ,1/2, ,0   ,-, ,F,    511,   0, ,R,B                ,dB                  
5325       ,.6       ,.6       ,-1         ,-1       ,-1       ,1/2, ,1   ,-, ,B,    523,  +1, ,R,B*               ,uB                  
5325       ,.6       ,.6       ,-1         ,-1       ,-1       ,1/2, ,1   ,-, ,F,    513,   0, ,R,B*               ,dB                  
5698       ,8.       ,8.       ,128.       ,18.      ,18.      ,?  , ,?   ,?, ,B,       ,  +1, ,S,B(J)*(5732)      ,uB                  
5698       ,8.       ,8.       ,128.       ,18.      ,18.      ,?  , ,?   ,?, ,F,       ,   0, ,S,B(J)*(5732)      ,dB                  
5369.6     ,2.4      ,2.4      ,4.51E-10   ,1.8E-11  ,1.8E-11  ,0  , ,0   ,-, ,F,    531,   0, ,R,B(s)             ,sB                  
5416.6     ,3.5      ,3.5      ,-1         ,-1       ,-1       ,0  , ,1   ,-, ,F,    533,   0, ,S,B(s)*            ,sB                  
5853       ,15.      ,15.      ,47.        ,22.      ,22.      ,?  , ,?   ,?, ,F,       ,   0, ,S,B(sJ)*(5850)     ,sB                  
6400       ,400.     ,400.     ,1.4E-9     ,8.E-10   ,8.E-10   ,0  , ,0   ,-, ,B,    541,  +1, ,R,B(c)             ,cB                  
2979.6     ,1.2      ,1.2      ,17.3       ,2.7      ,2.5      ,0  ,+,0   ,-,+, ,    441,   0, ,R,eta(c)(1S)       ,cC                  
3096.916   ,.011     ,.011     ,0.091      ,0.0032   ,0.0032   ,0  ,-,1   ,-,-, ,    443,   0, ,R,J/psi(1S)        ,cC                  
3415.9     ,.34      ,.34      ,10.1       ,.8       ,.8       ,0  ,+,0   ,+,+, ,  10441,   0, ,R,chi(c0)(1P)      ,cC                  
3510.59    ,.10      ,.10      ,.91        ,.13      ,.13      ,0  ,+,1   ,+,+, ,  20443,   0, ,R,chi(c1)(1P)      ,cC                  
3526.21    ,.25      ,.25      ,1.1        ,-1       ,-1       ,?  ,?,?   ,?,?, ,  10443,   0, ,S,h(c)(1P)         ,cC                  
3556.26    ,.11      ,.11      ,2.11       ,.16      ,.16      ,0  ,+,2   ,+,+, ,    445,   0, ,R,chi(c2)(1P)      ,cC                  
3654       ,10.      ,10.      ,-1         ,-1       ,-1       ,0  ,+,0   ,-,+, , 100441,   0, ,R,eta(c)(2S)       ,cC                  
3686.093   ,.034     ,.034     ,0.281      ,0.017    ,0.017    ,0  ,-,1   ,-,-, , 100443,   0, ,R,psi(2S)          ,cC                  
3769.9     ,2.5      ,2.5      ,23.6       ,2.7      ,2.7      ,0  ,-,1   ,-,-, ,  30443,   0, ,R,psi(3770)        ,cC                  
3836       ,13.      ,13.      ,-1         ,-1       ,-1       ,0  ,-,2   ,-,-, ,9000445,   0, ,S,psi(3836)        ,cC                  
4040       ,10.      ,10.      ,52.        ,10.      ,10.      ,0  ,-,1   ,-,-, ,9000443,   0, ,R,psi(4040)        ,cC                  
4159       ,20.      ,20.      ,78.        ,20.      ,20.      ,0  ,-,1   ,-,-, ,9010443,   0, ,R,psi(4160)        ,cC                  
4415       ,6.       ,6.       ,43.        ,15.      ,15.      ,0  ,-,1   ,-,-, ,9020443,   0, ,R,psi(4415)        ,cC                  
9300       ,28.      ,28.      ,-1         ,-1       ,-1       ,0  ,+,0   ,-,+, ,    551,   0, ,S,eta(b)(1S)       ,bB                  
9460.30    ,.26      ,.26      ,0.053      ,0.0015   ,0.0015   ,0  ,-,1   ,-,-, ,    553,   0, ,R,Upsilon(1S)      ,bB                  
9859.9     ,1.0      ,1.0      ,-1         ,-1       ,-1       ,0  ,+,0   ,+,+, ,  10551,   0, ,R,chi(b0)(1P)      ,bB                  
9892.7     ,.6       ,.6       ,-1         ,-1       ,-1       ,0  ,+,1   ,+,+, ,  20553,   0, ,R,chi(b1)(1P)      ,bB                  
9912.6     ,.5       ,.5       ,-1         ,-1       ,-1       ,0  ,+,2   ,+,+, ,    555,   0, ,R,chi(b2)(1P)      ,bB                  
10023.26   ,.31      ,.31      ,0.043      ,0.006    ,0.006    ,0  ,-,1   ,-,-, , 100553,   0, ,R,Upsilon(2S)      ,bB                  
10232.1    ,.6       ,.6       ,-1         ,-1       ,-1       ,0  ,+,0   ,+,+, , 110551,   0, ,R,chi(b0)(2P)      ,bB                  
10255.2    ,.5       ,.5       ,-1         ,-1       ,-1       ,0  ,+,1   ,+,+, , 120553,   0, ,R,chi(b1)(2P)      ,bB                  
10268.5    ,.4       ,.4       ,-1         ,-1       ,-1       ,0  ,+,2   ,+,+, , 100555,   0, ,R,chi(b2)(2P)      ,bB                  
10355.2    ,.5       ,.5       ,0.0263     ,0.0034   ,0.0034   ,0  ,-,1   ,-,-, , 200553,   0, ,R,Upsilon(3S)      ,bB                  
10580      ,3.5      ,3.5      ,20.        ,4.       ,4.       ,0  ,-,1   ,-,-, , 300553,   0, ,R,Upsilon(4S)      ,bB                  
10865      ,8.       ,8.       ,110.       ,13.      ,13.      ,0  ,-,1   ,-,-, ,9000553,   0, ,R,Upsilon(10860)   ,bB                  
11019      ,8.       ,8.       ,79.        ,16.      ,16.      ,0  ,-,1   ,-,-, ,9010553,   0, ,R,Upsilon(11020)   ,bB                  
938.27203  ,8.E-5    ,8.E-5    ,0          ,0        ,0        ,1/2, ,1/2 ,+, ,F,   2212,  +1,4,R,p(P11)           ,uud                 
939.56536  ,8.E-5    ,8.E-5    ,7.432E-12  ,7.E-15   ,7.E-15   ,1/2, ,1/2 ,+, ,F,   2112,   0,4,R,n(P11)           ,udd                 
1440       ,30.      ,10.      ,350.       ,100.     ,100.     ,1/2, ,1/2 ,+, ,F,  12212,  +1,4,R,N(1440)(P11)     ,uud                 
1440       ,30.      ,10.      ,350.       ,100.     ,100.     ,1/2, ,1/2 ,+, ,F,  12112,   0,4,R,N(1440)(P11)     ,udd                 
1520       ,10.      ,5.       ,120.       ,15.      ,10.      ,1/2, ,3/2 ,-, ,F,   2124,  +1,4,R,N(1520)(D13)     ,uud                 
1520       ,10.      ,5.       ,120.       ,15.      ,10.      ,1/2, ,3/2 ,-, ,F,   1214,   0,4,R,N(1520)(D13)     ,udd                 
1535       ,20.      ,15.      ,150.       ,50.      ,50.      ,1/2, ,1/2 ,-, ,F,  22212,  +1,4,R,N(1535)(S11)     ,uud                 
1535       ,20.      ,15.      ,150.       ,50.      ,50.      ,1/2, ,1/2 ,-, ,F,  22112,   0,4,R,N(1535)(S11)     ,udd                 
1650       ,30.      ,10.      ,150.       ,40.      ,5.       ,1/2, ,1/2 ,-, ,F,  32212,  +1,4,D,N(1650)(S11)     ,uud                 
1650       ,30.      ,10.      ,150.       ,40.      ,5.       ,1/2, ,1/2 ,-, ,F,  32112,   0,4,D,N(1650)(S11)     ,udd                 
1675       ,10.      ,5.       ,150.       ,30.      ,10.      ,1/2, ,5/2 ,-, ,F,   2216,  +1,4,D,N(1675)(D15)     ,uud                 
1675       ,10.      ,5.       ,150.       ,30.      ,10.      ,1/2, ,5/2 ,-, ,F,   2116,   0,4,D,N(1675)(D15)     ,udd                 
1680       ,10.      ,5.       ,130.       ,10.      ,10.      ,1/2, ,5/2 ,+, ,F,  12216,  +1,4,D,N(1680)(F15)     ,uud                 
1680       ,10.      ,5.       ,130.       ,10.      ,10.      ,1/2, ,5/2 ,+, ,F,  12116,   0,4,D,N(1680)(F15)     ,udd                 
1700       ,50.      ,50.      ,100.       ,50.      ,50.      ,1/2, ,3/2 ,-, ,F,  22124,  +1,3,D,N(1700)(D13)     ,uud                 
1700       ,50.      ,50.      ,100.       ,50.      ,50.      ,1/2, ,3/2 ,-, ,F,  21214,   0,3,D,N(1700)(D13)     ,udd                 
1710       ,30.      ,30.      ,100.       ,150.     ,50.      ,1/2, ,1/2 ,+, ,F,  42212,  +1,3,D,N(1710)(P11)     ,uud                 
1710       ,30.      ,30.      ,100.       ,150.     ,50.      ,1/2, ,1/2 ,+, ,F,  42112,   0,3,D,N(1710)(P11)     ,udd                 
1720       ,30.      ,70.      ,150.       ,50.      ,50.      ,1/2, ,3/2 ,+, ,F,  32124,  +1,4,D,N(1720)(P13)     ,uud                 
1720       ,30.      ,70.      ,150.       ,50.      ,50.      ,1/2, ,3/2 ,+, ,F,  31214,   0,4,D,N(1720)(P13)     ,udd                 
1879       ,17.      ,17.      ,498.       ,78.      ,78.      ,1/2, ,3/2 ,+, ,F,       ,   0,2,S,N(1900)(P13)     ,udd                 
2086       ,28.      ,28.      ,535.       ,120.     ,120.     ,1/2, ,7/2 ,+, ,F,       ,   0,2,S,N(1990)(F17)     ,udd                 
1903       ,87.      ,87.      ,490.       ,310.     ,310.     ,1/2, ,5/2 ,+, ,F,       ,   0,2,S,N(2000)(F15)     ,udd                 
1804       ,55.      ,55.      ,450.       ,185.     ,185.     ,1/2, ,3/2 ,-, ,F,       ,   0,2,S,N(2080)(D13)     ,udd                 
1928       ,59.      ,59.      ,414.       ,157.     ,157.     ,1/2, ,1/2 ,-, ,F,       ,   0,1,S,N(2090)(S11)     ,udd                 
1885       ,30.      ,30.      ,113.       ,44.      ,44.      ,1/2, ,1/2 ,+, ,F,       ,   0,1,S,N(2100)(P11)     ,udd                 
2190       ,10.      ,90.      ,450.       ,100.     ,100.     ,1/2, ,7/2 ,-, ,F,   2128,  +1,4,D,N(2190)(G17)     ,uud                 
2190       ,10.      ,90.      ,450.       ,100.     ,100.     ,1/2, ,7/2 ,-, ,F,   1218,   0,4,D,N(2190)(G17)     ,udd                 
2228       ,30.      ,30.      ,130.       ,-1       ,-1       ,1/2, ,5/2 ,-, ,F,       ,   0,2,S,N(2200)(D15)     ,udd                 
2220       ,90.      ,40.      ,400.       ,150.     ,80.      ,1/2, ,9/2 ,+, ,F,       ,   0,4,D,N(2220)(H19)     ,udd                 
2250       ,60.      ,80.      ,400.       ,70.      ,110.     ,1/2, ,9/2 ,-, ,F,       ,   0,4,D,N(2250)(G19)     ,udd                 
2600       ,150.     ,50.      ,650.       ,150.     ,150.     ,1/2, ,11/2,-, ,F,       ,   0,3,D,N(2600)(I111)    ,udd                 
2612       ,45.      ,45.      ,900.       ,150.     ,150.     ,1/2, ,13/2,+, ,F,       ,   0,2,S,N(2700)(K113)    ,udd                 
1232       ,2.       ,2.       ,120.       ,5.       ,5.       ,3/2, ,3/2 ,+, ,F,   2224,  +2,4,R,Delta(1232)(P33) ,uuu                 
1232       ,2.       ,2.       ,120.       ,5.       ,5.       ,3/2, ,3/2 ,+, ,F,   2214,  +1,4,R,Delta(1232)(P33) ,uud                 
1232       ,2.       ,2.       ,120.       ,5.       ,5.       ,3/2, ,3/2 ,+, ,F,   2114,   0,4,R,Delta(1232)(P33) ,udd                 
1232       ,2.       ,2.       ,120.       ,5.       ,5.       ,3/2, ,3/2 ,+, ,F,   1114,  -1,4,R,Delta(1232)(P33) ,ddd                 
1600       ,100.     ,50.      ,350.       ,100.     ,100.     ,3/2, ,3/2 ,+, ,F,  32224,  +2,3,R,Delta(1600)(P33) ,uuu                 
1600       ,100.     ,50.      ,350.       ,100.     ,100.     ,3/2, ,3/2 ,+, ,F,  32214,  +1,3,R,Delta(1600)(P33) ,uud                 
1600       ,100.     ,50.      ,350.       ,100.     ,100.     ,3/2, ,3/2 ,+, ,F,  32114,   0,3,R,Delta(1600)(P33) ,udd                 
1600       ,100.     ,50.      ,350.       ,100.     ,100.     ,3/2, ,3/2 ,+, ,F,  31114,  -1,3,R,Delta(1600)(P33) ,ddd                 
1620       ,55.      ,5.       ,150.       ,30.      ,30.      ,3/2, ,1/2 ,-, ,F,   2222,  +2,4,R,Delta(1620)(S31) ,uuu                 
1620       ,55.      ,5.       ,150.       ,30.      ,30.      ,3/2, ,1/2 ,-, ,F,   2122,  +1,4,R,Delta(1620)(S31) ,uud                 
1620       ,55.      ,5.       ,150.       ,30.      ,30.      ,3/2, ,1/2 ,-, ,F,   1212,   0,4,R,Delta(1620)(S31) ,udd                 
1620       ,55.      ,5.       ,150.       ,30.      ,30.      ,3/2, ,1/2 ,-, ,F,   1112,  -1,4,R,Delta(1620)(S31) ,ddd                 
1700       ,70.      ,30.      ,300.       ,100.     ,100.     ,3/2, ,3/2 ,-, ,F,  12224,  +2,4,D,Delta(1700)(D33) ,uuu                 
1700       ,70.      ,30.      ,300.       ,100.     ,100.     ,3/2, ,3/2 ,-, ,F,  12214,  +1,4,D,Delta(1700)(D33) ,uud                 
1700       ,70.      ,30.      ,300.       ,100.     ,100.     ,3/2, ,3/2 ,-, ,F,  12114,   0,4,D,Delta(1700)(D33) ,udd                 
1700       ,70.      ,30.      ,300.       ,100.     ,100.     ,3/2, ,3/2 ,-, ,F,  11114,  -1,4,D,Delta(1700)(D33) ,ddd                 
1744       ,36.      ,36.      ,300.       ,120.     ,120.     ,3/2, ,1/2 ,+, ,F,       ,   0,1,S,Delta(1750)(P31) ,udd                 
1900       ,50.      ,50.      ,200.       ,40.      ,60.      ,3/2, ,1/2 ,-, ,F,  12222,  +2,2,S,Delta(1900)(S31) ,uuu                 
1900       ,50.      ,50.      ,200.       ,40.      ,60.      ,3/2, ,1/2 ,-, ,F,  12212,  +1,2,S,Delta(1900)(S31) ,uud                 
1900       ,50.      ,50.      ,200.       ,40.      ,60.      ,3/2, ,1/2 ,-, ,F,  12112,   0,2,S,Delta(1900)(S31) ,udd                 
1900       ,50.      ,50.      ,200.       ,40.      ,60.      ,3/2, ,1/2 ,-, ,F,  11112,  -1,2,S,Delta(1900)(S31) ,ddd                 
1905       ,15.      ,35.      ,350.       ,90.      ,70.      ,3/2, ,5/2 ,+, ,F,   2226,  +2,4,D,Delta(1905)(F35) ,uuu                 
1905       ,15.      ,35.      ,350.       ,90.      ,70.      ,3/2, ,5/2 ,+, ,F,   2126,  +1,4,D,Delta(1905)(F35) ,uud                 
1905       ,15.      ,35.      ,350.       ,90.      ,70.      ,3/2, ,5/2 ,+, ,F,   1216,   0,4,D,Delta(1905)(F35) ,udd                 
1905       ,15.      ,35.      ,350.       ,90.      ,70.      ,3/2, ,5/2 ,+, ,F,   1116,  -1,4,D,Delta(1905)(F35) ,ddd                 
1910       ,10.      ,40.      ,250.       ,20.      ,60.      ,3/2, ,1/2 ,+, ,F,  22222,  +2,4,D,Delta(1910)(P31) ,uuu                 
1910       ,10.      ,40.      ,250.       ,20.      ,60.      ,3/2, ,1/2 ,+, ,F,  22122,  +1,4,D,Delta(1910)(P31) ,uud                 
1910       ,10.      ,40.      ,250.       ,20.      ,60.      ,3/2, ,1/2 ,+, ,F,  21212,   0,4,D,Delta(1910)(P31) ,udd                 
1910       ,10.      ,40.      ,250.       ,20.      ,60.      ,3/2, ,1/2 ,+, ,F,  21112,  -1,4,D,Delta(1910)(P31) ,ddd                 
1920       ,50.      ,20.      ,200.       ,100.     ,50.      ,3/2, ,3/2 ,+, ,F,  22224,  +2,3,D,Delta(1920)(P33) ,uuu                 
1920       ,50.      ,20.      ,200.       ,100.     ,50.      ,3/2, ,3/2 ,+, ,F,  22214,  +1,3,D,Delta(1920)(P33) ,uud                 
1920       ,50.      ,20.      ,200.       ,100.     ,50.      ,3/2, ,3/2 ,+, ,F,  22114,   0,3,D,Delta(1920)(P33) ,udd                 
1920       ,50.      ,20.      ,200.       ,100.     ,50.      ,3/2, ,3/2 ,+, ,F,  21114,  -1,3,D,Delta(1920)(P33) ,ddd                 
1930       ,40.      ,10.      ,350.       ,100.     ,100.     ,3/2, ,5/2 ,-, ,F,  12226,  +2,3,D,Delta(1930)(D35) ,uuu                 
1930       ,40.      ,10.      ,350.       ,100.     ,100.     ,3/2, ,5/2 ,-, ,F,  12126,  +1,3,D,Delta(1930)(D35) ,uud                 
1930       ,40.      ,10.      ,350.       ,100.     ,100.     ,3/2, ,5/2 ,-, ,F,  11216,   0,3,D,Delta(1930)(D35) ,udd                 
1930       ,40.      ,10.      ,350.       ,100.     ,100.     ,3/2, ,5/2 ,-, ,F,  11116,  -1,3,D,Delta(1930)(D35) ,ddd                 
2057       ,110.     ,110.     ,460.       ,320.     ,320.     ,3/2, ,3/2 ,-, ,F,       ,   0,1,S,Delta(1940)(D33) ,udd                 
1950       ,10.      ,10.      ,300.       ,50.      ,10.      ,3/2, ,7/2 ,+, ,F,   2228,  +2,4,D,Delta(1950)(F37) ,uuu                 
1950       ,10.      ,10.      ,300.       ,50.      ,10.      ,3/2, ,7/2 ,+, ,F,   2218,  +1,4,D,Delta(1950)(F37) ,uud                 
1950       ,10.      ,10.      ,300.       ,50.      ,10.      ,3/2, ,7/2 ,+, ,F,   2118,   0,4,D,Delta(1950)(F37) ,udd                 
1950       ,10.      ,10.      ,300.       ,50.      ,10.      ,3/2, ,7/2 ,+, ,F,   1118,  -1,4,D,Delta(1950)(F37) ,ddd                 
1724       ,61.      ,61.      ,138.       ,68.      ,68.      ,3/2, ,5/2 ,+, ,F,       ,   0,2,S,Delta(2000)(F35) ,udd                 
2150       ,100.     ,100.     ,120.5      ,45.      ,45.      ,3/2, ,1/2 ,-, ,F,       ,   0,1,S,Delta(2150)(S31) ,udd                 
2200       ,80.      ,80.      ,400.       ,150.     ,150.     ,3/2, ,7/2 ,-, ,F,       ,   0,1,S,Delta(2200)(G37) ,udd                 
2204.5     ,3.4      ,3.4      ,425.       ,150.     ,150.     ,3/2, ,9/2 ,+, ,F,       ,   0,2,S,Delta(2300)(H39) ,udd                 
2171       ,18.      ,18.      ,264.       ,51.      ,51.      ,3/2, ,5/2 ,-, ,F,       ,   0,1,S,Delta(2350)(D35) ,udd                 
2385       ,100.     ,100.     ,300.       ,100.     ,100.     ,3/2, ,7/2 ,+, ,F,       ,   0,1,S,Delta(2390)(F37) ,udd                 
2468       ,50.      ,50.      ,330.       ,100.     ,100.     ,3/2, ,9/2 ,-, ,F,       ,   0,2,S,Delta(2400)(G39) ,udd                 
2420       ,80.      ,120.     ,400.       ,100.     ,100.     ,3/2, ,11/2,+, ,F,       ,   0,4,D,Delta(2420)(H311),udd                 
2750       ,100.     ,100.     ,350.       ,100.     ,100.     ,3/2, ,13/2,-, ,F,       ,   0,2,S,Delta(2750)(I313),udd                 
2990       ,100.     ,100.     ,330.       ,100.     ,100.     ,3/2, ,15/2,+, ,F,       ,   0,2,S,Delta(2950)(K315),udd                 
1539.2     ,1.6      ,1.6      ,0.9        ,0.3      ,0.3      ,0  , ,?   ,?, ,F,9221132,  +1,2,R,Theta(1540)      ,uuddS               
1862       ,2        ,2        ,9          ,9        ,9        ,3/2, ,?   ,?, ,F,9331122,  -2,1,S,Phi(1860)        ,ssddU               
1115.683   ,.006     ,.006     ,2.501E-15  ,1.9E-17  ,1.9E-17  ,0  , ,1/2 ,+, ,F,   3122,   0,4,R,Lambda(P01)      ,uds                 
1406       ,4.       ,4.       ,50.        ,2.       ,2.       ,0  , ,1/2 ,-, ,F,  13122,   0,4,R,Lambda(1405)(S01),uds                 
1519.5     ,1.       ,1.       ,15.6       ,1.       ,1.       ,0  , ,3/2 ,-, ,F,   3124,   0,4,R,Lambda(1520)(D03),uds                 
1600       ,100.     ,40.      ,150.       ,100.     ,100.     ,0  , ,1/2 ,+, ,F,  23122,   0,3,D,Lambda(1600)(P01),uds                 
1670       ,10.      ,10.      ,35.        ,15.      ,10.      ,0  , ,1/2 ,-, ,F,  33122,   0,4,D,Lambda(1670)(S01),uds                 
1690       ,5.       ,5.       ,60.        ,10.      ,10.      ,0  , ,3/2 ,-, ,F,  13124,   0,4,D,Lambda(1690)(D03),uds                 
1800       ,50.      ,80.      ,300.       ,100.     ,100.     ,0  , ,1/2 ,-, ,F,  43122,   0,3,D,Lambda(1800)(S01),uds                 
1810       ,40.      ,60.      ,150.       ,100.     ,50.      ,0  , ,1/2 ,+, ,F,  53122,   0,3,D,Lambda(1810)(P01),uds                 
1820       ,5.       ,5.       ,80.        ,10.      ,10.      ,0  , ,5/2 ,+, ,F,   3126,   0,4,D,Lambda(1820)(F05),uds                 
1830       ,0.       ,5.       ,95.        ,15.      ,25.      ,0  , ,5/2 ,-, ,F,  13126,   0,4,D,Lambda(1830)(D05),uds                 
1890       ,20.      ,40.      ,100.       ,100.     ,40.      ,0  , ,3/2 ,+, ,F,  23124,   0,4,D,Lambda(1890)(P03),uds                 
2030       ,30.      ,30.      ,125.       ,25.      ,25.      ,0  , ,?   ,?, ,F,       ,   0,1,S,Lambda(2000)     ,uds                 
2020       ,20.      ,20.      ,160.       ,30.      ,30.      ,0  , ,7/2 ,+, ,F,       ,   0,1,S,Lambda(2020)(F07),uds                 
2100       ,10.      ,10.      ,200.       ,50.      ,100.     ,0  , ,7/2 ,-, ,F,   3128,   0,4,D,Lambda(2100)(G07),uds                 
2112       ,7.       ,7.       ,200.       ,50.      ,50.      ,0  , ,5/2 ,+, ,F,  23126,   0,3,D,Lambda(2110)(F05),uds                 
2327       ,20.      ,20.      ,177.       ,40.      ,40.      ,0  , ,3/2 ,-, ,F,       ,   0,1,S,Lambda(2325)(D03),uds                 
2350       ,20.      ,10.      ,150.       ,100.     ,50.      ,0  , ,9/2 ,+, ,F,       ,   0,3,D,Lambda(2350)(H09),uds                 
2585       ,45.      ,45.      ,150.       ,-1       ,-1       ,0  , ,?   ,?, ,F,       ,   0,2,S,Lambda(2585B)    ,uds                 
1189.37    ,.06      ,.06      ,8.209E-12  ,2.7E-14  ,2.7E-14  ,1  , ,1/2 ,+, ,F,   3222,  +1,4,R,Sigma(P11)       ,uus                 
1192.642   ,.024     ,.024     ,8.9E-3     ,9.E-4    ,9.E-4    ,1  , ,1/2 ,+, ,F,   3212,   0,4,R,Sigma(P11)       ,uds                 
1197.449   ,.030     ,.030     ,4.45E-12   ,3.2E-14  ,3.2E-14  ,1  , ,1/2 ,+, ,F,   3112,  -1,4,R,Sigma(P11)       ,dds                 
1382.8     ,.4       ,.4       ,35.8       ,.8       ,.8       ,1  , ,3/2 ,+, ,F,   3224,  +1,4,R,Sigma(1385)(P13) ,uus                 
1383.7     ,1.       ,1.       ,36.        ,5.       ,5.       ,1  , ,3/2 ,+, ,F,   3214,   0,4,R,Sigma(1385)(P13) ,uds                 
1387.2     ,.5       ,.5       ,39.4       ,2.1      ,2.1      ,1  , ,3/2 ,+, ,F,   3114,  -1,4,R,Sigma(1385)(P13) ,dds                 
1485       ,10.      ,10.      ,80.        ,20.      ,20.      ,1  , ,?   ,?, ,F,       ,   0,1,S,Sigma(1480B)     ,uds                 
1553       ,7.       ,7.       ,15.        ,6.       ,6.       ,1  , ,?   ,?, ,F,       ,   0,2,S,Sigma(1560B)     ,uds                 
1633       ,10.      ,10.      ,87.        ,19.      ,19.      ,1  , ,1/2 ,-, ,F,       ,   0,2,S,Sigma(1620)(S11) ,uds                 
1642       ,12.      ,12.      ,55.        ,24.      ,24.      ,1  , ,?   ,?, ,F,       ,   0, ,S,Sigma(1620B)     ,uds                 
1660       ,30.      ,30.      ,100.       ,100.     ,60.      ,1  , ,1/2 ,+, ,F,  13222,  +1,3,R,Sigma(1660)(P11) ,uus                 
1660       ,30.      ,30.      ,100.       ,100.     ,60.      ,1  , ,1/2 ,+, ,F,  13212,   0,3,R,Sigma(1660)(P11) ,uds                 
1660       ,30.      ,30.      ,100.       ,100.     ,60.      ,1  , ,1/2 ,+, ,F,  13112,  -1,3,R,Sigma(1660)(P11) ,dds                 
1670       ,15.      ,5.       ,60.        ,20.      ,20.      ,1  , ,3/2 ,-, ,F,  13224,  +1,4,D,Sigma(1670)(D13) ,uus                 
1670       ,15.      ,5.       ,60.        ,20.      ,20.      ,1  , ,3/2 ,-, ,F,  13214,   0,4,D,Sigma(1670)(D13) ,uds                 
1670       ,15.      ,5.       ,60.        ,20.      ,20.      ,1  , ,3/2 ,-, ,F,  13114,  -1,4,D,Sigma(1670)(D13) ,dds                 
1668       ,10.      ,10.      ,67.        ,2.4      ,2.4      ,1  , ,?   ,?, ,F,       ,   0, ,S,Sigma(1670B)     ,uds                 
1698       ,20.      ,20.      ,142.       ,40.      ,40.      ,1  , ,?   ,?, ,F,       ,   0,2,S,Sigma(1690B)     ,uds                 
1750       ,50.      ,20.      ,90.        ,70.      ,30.      ,1  , ,1/2 ,-, ,F,  23222,  +1,3,D,Sigma(1750)(S11) ,uus                 
1750       ,50.      ,20.      ,90.        ,70.      ,30.      ,1  , ,1/2 ,-, ,F,  23212,   0,3,D,Sigma(1750)(S11) ,uds                 
1750       ,50.      ,20.      ,90.        ,70.      ,30.      ,1  , ,1/2 ,-, ,F,  23112,  -1,3,D,Sigma(1750)(S11) ,dds                 
1700       ,20.      ,20.      ,80.        ,30.      ,30.      ,1  , ,1/2 ,+, ,F,       ,   0,1,S,Sigma(1770)(P11) ,uds                 
1775       ,5.       ,5.       ,120.       ,15.      ,15.      ,1  , ,5/2 ,-, ,F,   3226,  +1,4,D,Sigma(1775)(D15) ,uus                 
1775       ,5.       ,5.       ,120.       ,15.      ,15.      ,1  , ,5/2 ,-, ,F,   3216,   0,4,D,Sigma(1775)(D15) ,uds                 
1775       ,5.       ,5.       ,120.       ,15.      ,15.      ,1  , ,5/2 ,-, ,F,   3116,  -1,4,D,Sigma(1775)(D15) ,dds                 
1840       ,10.      ,10.      ,120.       ,30.      ,30.      ,1  , ,3/2 ,+, ,F,       ,   0,1,S,Sigma(1840)(P13) ,uds                 
1826       ,20.      ,20.      ,86.        ,15.      ,15.      ,1  , ,1/2 ,+, ,F,       ,   0,2,S,Sigma(1880)(P11) ,uds                 
1915       ,20.      ,15.      ,120.       ,40.      ,40.      ,1  , ,5/2 ,+, ,F,  13226,  +1,4,D,Sigma(1915)(F15) ,uus                 
1915       ,20.      ,15.      ,120.       ,40.      ,40.      ,1  , ,5/2 ,+, ,F,  13216,   0,4,D,Sigma(1915)(F15) ,uds                 
1915       ,20.      ,15.      ,120.       ,40.      ,40.      ,1  , ,5/2 ,+, ,F,  13116,  -1,4,D,Sigma(1915)(F15) ,dds                 
1940       ,10.      ,40.      ,220.       ,80.      ,70.      ,1  , ,3/2 ,-, ,F,  23224,  +1,3,D,Sigma(1940)(D13) ,uus                 
1940       ,10.      ,40.      ,220.       ,80.      ,70.      ,1  , ,3/2 ,-, ,F,  23214,   0,3,D,Sigma(1940)(D13) ,uds                 
1940       ,10.      ,40.      ,220.       ,80.      ,70.      ,1  , ,3/2 ,-, ,F,  23114,  -1,3,D,Sigma(1940)(D13) ,dds                 
1944       ,15.      ,15.      ,215.       ,25.      ,25.      ,1  , ,1/2 ,-, ,F,       ,   0,1,S,Sigma(2000)(S11) ,uds                 
2030       ,10.      ,5.       ,180.       ,20.      ,30.      ,1  , ,7/2 ,+, ,F,   3228,  +1,4,D,Sigma(2030)(F17) ,uus                 
2030       ,10.      ,5.       ,180.       ,20.      ,30.      ,1  , ,7/2 ,+, ,F,   3218,   0,4,D,Sigma(2030)(F17) ,uds                 
2030       ,10.      ,5.       ,180.       ,20.      ,30.      ,1  , ,7/2 ,+, ,F,   3118,  -1,4,D,Sigma(2030)(F17) ,dds                 
2051       ,25.      ,25.      ,300.       ,30.      ,30.      ,1  , ,5/2 ,+, ,F,       ,   0,1,S,Sigma(2070)(F15) ,uds                 
2091       ,7.       ,7.       ,186.       ,48.      ,48.      ,1  , ,3/2 ,+, ,F,       ,   0,2,S,Sigma(2080)(P13) ,uds                 
2100       ,30.      ,30.      ,135.       ,30.      ,30.      ,1  , ,7/2 ,-, ,F,       ,   0,1,S,Sigma(2100)(G17) ,uds                 
2250       ,30.      ,40.      ,100.       ,50.      ,40.      ,1  , ,?   ,?, ,F,       ,   0,3,D,Sigma(2250)      ,uds                 
2455       ,7.       ,7.       ,100.       ,20.      ,20.      ,1  , ,?   ,?, ,F,       ,   0,2,S,Sigma(2455B)     ,uds                 
2620       ,15.      ,15.      ,175.       ,-1       ,-1       ,1  , ,?   ,?, ,F,       ,   0,2,S,Sigma(2620B)     ,uds                 
3000       ,-1       ,-1       ,-1         ,-1       ,-1       ,1  , ,?   ,?, ,F,       ,   0,1,S,Sigma(3000B)     ,uds                 
3170       ,5.       ,5.       ,-1         ,-1       ,-1       ,1  , ,?   ,?, ,F,       ,   0,1,S,Sigma(3170B)     ,uds                 
1314.82    ,.20      ,.20      ,2.27E-12   ,7.E-14   ,7.E-14   ,1/2, ,1/2 ,+, ,F,   3322,   0,4,R,Xi(P11)          ,uss                 
1321.31    ,.13      ,.13      ,4.02E-12   ,4.E-14   ,4.E-14   ,1/2, ,1/2 ,+, ,F,   3312,  -1,4,R,Xi(P11)          ,dss                 
1531.80    ,0.32     ,0.32     ,0.5        ,0.5      ,0.5      ,1/2, ,3/2 ,+, ,F,   3324,   0,4,R,Xi(1530)(P13)    ,uss                 
1535.0     ,0.6      ,0.6      ,9.9        ,1.7      ,1.9      ,1/2, ,3/2 ,+, ,F,   3314,  -1,4,R,Xi(1530)(P13)    ,dss                 
1624       ,3.       ,3.       ,22.5       ,-1       ,-1       ,1/2, ,?   ,?, ,F,       ,   0,1,S,Xi(1620)         ,uss                 
1690       ,10.      ,10.      ,-1         ,-1       ,-1       ,1/2, ,?   ,?, ,F,       ,   0,3,D,Xi(1690)         ,uss                 
1823       ,5.       ,5.       ,24.        ,15.      ,10.      ,1/2, ,3/2 ,-, ,F,  13324,   0,3,D,Xi(1820)(D13)    ,uss                 
1823       ,5.       ,5.       ,24.        ,15.      ,10.      ,1/2, ,3/2 ,-, ,F,  13314,  -1,3,D,Xi(1820)(D13)    ,dss                 
1950       ,15.      ,15.      ,60.        ,20.      ,20.      ,1/2, ,?   ,?, ,F,       ,   0,3,D,Xi(1950)         ,uss                 
2025       ,5.       ,5.       ,20.        ,15.      ,5.       ,1/2, ,>3/2,?, ,F,       ,   0,3,D,Xi(2030)         ,uss                 
2123       ,7.       ,7.       ,25.        ,12.      ,12.      ,1/2, ,?   ,?, ,F,       ,   0,1,S,Xi(2120)         ,uss                 
2189       ,7.       ,7.       ,46.        ,27.      ,27.      ,1/2, ,?   ,?, ,F,       ,   0,2,S,Xi(2250)         ,uss                 
2373       ,8.       ,8.       ,80.        ,25.      ,25.      ,1/2, ,?   ,?, ,F,       ,   0,2,S,Xi(2370)         ,uss                 
2505       ,10.      ,10.      ,150.       ,60.      ,40.      ,1/2, ,?   ,?, ,F,       ,   0,1,S,Xi(2500)         ,uss                 
1672.45    ,.29      ,.29      ,8.02E-12   ,1.1E-13  ,1.1E-13  ,0  , ,3/2 ,+, ,F,   3334,  -1,4,R,Omega            ,sss                 
2252       ,9.       ,9.       ,55.        ,18.      ,18.      ,0  , ,?   ,?, ,F,       ,  -1,3,R,Omega(2250)      ,sss                 
2384       ,12.      ,12.      ,26.        ,23.      ,23.      ,   , ,    , , ,F,       ,  -1,2,S,Omega(2380)      ,sss                 
2474       ,12.      ,12.      ,72.        ,33.      ,33.      ,   , ,    , , ,F,       ,  -1,2,S,Omega(2470)      ,sss                 
2284.9     ,.6       ,.6       ,3.3E-9     ,9.E-11   ,9.E-11   ,0  , ,1/2 ,+, ,F,   4122,  +1,4,R,Lambda(c)        ,udc                 
2593.9     ,.8       ,.8       ,3.6        ,2.0      ,1.3      ,0  , ,1/2 ,-, ,F,  14122,  +1,3,R,Lambda(c)(2593)  ,udc                 
2626.6     ,.8       ,.8       ,-1         ,-1       ,-1       ,0  , ,3/2 ,-, ,F,       ,  +1,3,R,Lambda(c)(2625)  ,udc                 
2765       ,2.5      ,2.5      ,50.        ,-1       ,-1       ,?  , ,?   ,?, ,F,       ,  +1,1,S,Lambda(c)(2765)  ,udc                 
2880.9     ,2.3      ,2.3      ,-1         ,-1       ,-1       ,?  , ,?   ,?, ,F,       ,  +1,2,S,Lambda(c)(2880)  ,udc                 
2452.5     ,.6       ,.6       ,2.23       ,.3       ,.3       ,1  , ,1/2 ,+, ,F,   4222,  +2,4,R,Sigma(c)(2455)   ,uuc                 
2451.3     ,.7       ,.7       ,-1         ,-1       ,-1       ,1  , ,1/2 ,+, ,F,   4212,  +1,4,R,Sigma(c)(2455)   ,udc                 
2452.2     ,.6       ,.6       ,2.2        ,.4       ,.4       ,1  , ,1/2 ,+, ,F,   4112,   0,4,R,Sigma(c)(2455)   ,ddc                 
2519.4     ,1.5      ,1.5      ,18.        ,5.       ,5.       ,1  , ,3/2 ,+, ,F,       ,  +2,3,R,Sigma(c)(2520)   ,uuc                 
2515.9     ,2.4      ,2.4      ,-1         ,-1       ,-1       ,1  , ,3/2 ,+, ,F,       ,  +1,3,R,Sigma(c)(2520)   ,udc                 
2517.5     ,1.4      ,1.4      ,13.        ,5.       ,5.       ,1  , ,3/2 ,+, ,F,       ,   0,3,R,Sigma(c)(2520)   ,ddc                 
2466.3     ,1.4      ,1.4      ,1.49E-9    ,0.9E-10  ,0.9E-10  ,1/2, ,1/2 ,+, ,F,   4232,  +1,3,R,Xi(c)            ,usc                 
2471.8     ,1.4      ,1.4      ,6.7E-9     ,1.3E-9   ,1.3E-9   ,1/2, ,1/2 ,+, ,F,   4132,   0,3,R,Xi(c)            ,dsc                 
2574.1     ,3.3      ,3.3      ,-1         ,-1       ,-1       ,1/2, ,1/2 ,+, ,F,   4322,  +1,3,R,Xi(c)'           ,usc                 
2578.8     ,3.2      ,3.2      ,-1         ,-1       ,-1       ,1/2, ,1/2 ,+, ,F,   4312,   0,3,R,Xi(c)'           ,dsc                 
2647.4     ,2.       ,2.       ,-1         ,-1       ,-1       ,1/2, ,3/2 ,+, ,F,       ,  +1,3,R,Xi(c)(2645)      ,usc                 
2644.5     ,1.8      ,1.8      ,-1         ,-1       ,-1       ,1/2, ,3/2 ,+, ,F,       ,   0,3,R,Xi(c)(2645)      ,dsc                 
2790       ,3.5      ,3.5      ,-1         ,-1       ,-1       ,1/2, ,1/2 ,-, ,F,       ,  +1,3,R,Xi(c)(2790)      ,usc                 
2790       ,4.       ,4.       ,-1         ,-1       ,-1       ,1/2, ,1/2 ,-, ,F,       ,   0,3,R,Xi(c)(2790)      ,dsc                 
2814.9     ,1.8      ,1.8      ,-1         ,-1       ,-1       ,1/2, ,3/2 ,-, ,F,       ,  +1,3,R,Xi(c)(2815)      ,usc                 
2819       ,2.5      ,2.5      ,-1         ,-1       ,-1       ,1/2, ,3/2 ,-, ,F,       ,   0,3,R,Xi(c)(2815)      ,dsc                 
2697.5     ,2.6      ,2.6      ,1.02E-8    ,4.8E-9   ,4.8E-9   ,0  , ,1/2 ,+, ,F,   4332,   0,3,R,Omega(c)         ,ssc                 
3519       ,1.       ,1.       ,-1         ,-1       ,-1       ,?  , ,?   ,?, ,F,       ,  +1,1,S,Xi(cc)           ,dcc                 
5624       ,9.       ,9.       ,5.36E-10   ,3.7E-11  ,3.7E-11  ,0  , ,1/2 ,+, ,F,   5122,   0,3,R,Lambda(b)        ,udb                 
